ticker,name,dividend_value,cutoff_date,buy_before_date,payment_date,current_price,yield_percent
GMKN,ГМКНорНик,1.8500,2026-10-12,2026-10-09,2026-10-22,116.60,1.59
NVTK,Новатэк ао,35.5000,2026-10-12,2026-10-09,2026-10-22,1042.50,3.41
TATNP,Татнфт 3ап,32.8800,2026-10-13,2026-10-12,2026-10-23,606.00,5.43
SIBN,Газпрнефть,42.5100,2026-10-13,2026-10-12,2026-10-23,561.00,7.58
SBER,Сбербанк,37.6400,2026-07-20,2026-07-17,2026-07-30,274.80,13.70
DOMRF,ДОМ.РФ,246.8800,2026-07-20,2026-07-17,2026-07-30,2045.60,12.07
TRNFP,Транснф ап,204.1700,2026-07-20,2026-07-17,2026-07-30,1024.40,19.93
SNGSP,Сургнфгз-п,0.8500,2026-07-16,2026-07-15,2026-07-26,39.78,2.14
TATNP,Татнфт 3ап,11.6100,2026-07-15,2026-07-14,2026-07-25,606.00,1.92
